SET IDENTITY_INSERT [FollowingList] ON;
INSERT INTO [FollowingList](ID, UserID, FollowingID)
VALUES
(1, 5, 12),
(2, 8, 24),
(3, 15, 6),
(4, 7, 10),
(5, 3, 17),
(6, 18, 4),
(7, 9, 20),
(8, 11, 16),
(9, 19, 14),
(10, 22, 21),
(11, 25, 23),
(12, 2, 1),
(13, 13, 9),
(14, 27, 28),
(15, 30, 26),
(16, 32, 33),
(17, 36, 31),
(18, 29, 35),
(19, 39, 37),
(20, 42, 43),
(21, 45, 38),
(22, 41, 47),
(23, 49, 48),
(24, 51, 44),
(25, 53, 52),
(26, 50, 55),
(27, 58, 56),
(28, 59, 60),
(29, 63, 61),
(30, 65, 62),
(31, 68, 66),
(32, 70, 72),
(33, 75, 73),
(34, 78, 76),
(35, 81, 77),
(36, 84, 85),
(37, 87, 79),
(38, 89, 83),
(39, 92, 93),
(40, 94, 91),
(41, 97, 95),
(42, 100, 98),
(43, 101, 99),
(44, 105, 104),
(45, 106, 102),
(46, 109, 112),
(47, 115, 113),
(48, 110, 108),
(49, 116, 114),
(50, 117, 107),
(51, 10, 19),
(52, 14, 8),
(53, 20, 15),
(54, 25, 26),
(55, 30, 23),
(56, 34, 32),
(57, 36, 40),
(58, 42, 44),
(59, 47, 49),
(60, 51, 53),
(61, 54, 57),
(62, 59, 60),
(63, 64, 66),
(64, 67, 62),
(65, 70, 71),
(66, 74, 79),
(67, 78, 81),
(68, 82, 86),
(69, 87, 92),
(70, 94, 91),
(71, 96, 98),
(72, 100, 102),
(73, 101, 107),
(74, 105, 109),
(75, 108, 112),
(76, 111, 116),
(77, 113, 117),
(78, 9, 3),
(79, 11, 1),
(80, 16, 7),
(81, 18, 14),
(82, 21, 13),
(83, 27, 22),
(84, 32, 31),
(85, 35, 37),
(86, 39, 44),
(87, 43, 41),
(88, 46, 52),
(89, 50, 48),
(90, 54, 56),
(91, 57, 55),
(92, 61, 68),
(93, 65, 60),
(94, 66, 74),
(95, 69, 77),
(96, 71, 79),
(97, 75, 84),
(98, 80, 82),
(99, 85, 88),
(100, 89, 96),
(101, 94, 99),
(102, 101, 100),
(103, 105, 104),
(104, 106, 103),
(105, 110, 108),
(106, 113, 107),
(107, 115, 109),
(108, 116, 112),
(109, 117, 111),
(110, 12, 11),
(111, 15, 13),
(112, 19, 20),
(113, 22, 18),
(114, 26, 24),
(115, 29, 27),
(116, 31, 30),
(117, 33, 37),
(118, 38, 36),
(119, 41, 43),
(120, 44, 46),
(121, 48, 51),
(122, 50, 52),
(123, 53, 58),
(124, 55, 60),
(125, 62, 59),
(126, 64, 67),
(127, 66, 65),
(128, 70, 68),
(129, 72, 69),
(130, 73, 71),
(131, 76, 78),
(132, 79, 80),
(133, 81, 77),
(134, 84, 85),
(135, 87, 82),
(136, 89, 92),
(137, 91, 93),
(138, 95, 94),
(139, 98, 96),
(140, 99, 97),
(141, 101, 103),
(142, 102, 105),
(143, 104, 107),
(144, 107, 106),
(145, 109, 111),
(146, 112, 110),
(147, 113, 115),
(148, 114, 8),
(149, 117, 112),
(150, 2, 6),
(151, 3, 5),
(152, 4, 8),
(153, 7, 12),
(154, 9, 10),
(155, 11, 16),
(156, 14, 19),
(157, 17, 20),
(158, 22, 23),
(159, 26, 25),
(160, 29, 34),
(161, 31, 37),
(162, 33, 35),
(163, 36, 39),
(164, 38, 43),
(165, 41, 46),
(166, 44, 49),
(167, 48, 51),
(168, 50, 54),
(169, 53, 56),
(170, 55, 57),
(171, 59, 62),
(172, 61, 63),
(173, 64, 65),
(174, 66, 68),
(175, 70, 73),
(176, 72, 75),
(177, 76, 78),
(178, 77, 81),
(179, 80, 83),
(180, 82, 87),
(181, 84, 89),
(182, 86, 92),
(183, 90, 94),
(184, 93, 96),
(185, 95, 100),
(186, 97, 102),
(187, 99, 101),
(188, 103, 105),
(189, 104, 106),
(190, 107, 109),
(191, 108, 113),
(192, 111, 116),
(193, 112, 117),
(194, 1, 2),
(195, 3, 4),
(196, 6, 7),
(197, 9, 11),
(198, 10, 14),
(199, 13, 18),
(200, 15, 19),
(201, 20, 15),
(202, 24, 26),
(203, 25, 29),
(204, 28, 32),
(205, 30, 34),
(206, 33, 36),
(207, 35, 38),
(208, 37, 42),
(209, 40, 44),
(210, 43, 47),
(211, 46, 49),
(212, 48, 51),
(213, 52, 53),
(214, 55, 54),
(215, 56, 58),
(216, 60, 59),
(217, 61, 64),
(218, 66, 67),
(219, 68, 70),
(220, 71, 72),
(221, 74, 75),
(222, 76, 78),
(223, 79, 81),
(224, 83, 84),
(225, 85, 87),
(226, 88, 89),
(227, 92, 91),
(228, 93, 94),
(229, 95, 98),
(230, 96, 99),
(231, 100, 101),
(232, 102, 104),
(233, 103, 105),
(234, 107, 108),
(235, 109, 110),
(236, 111, 113),
(237, 115, 116),
(238, 112, 117),
(239, 7, 1),
(240, 10, 8),
(241, 15, 13),
(242, 18, 17),
(243, 23, 25),
(244, 28, 26),
(245, 30, 29),
(246, 34, 32),
(247, 36, 37),
(248, 39, 43),
(249, 42, 44),
(250, 45, 49),
(251, 48, 50),
(252, 52, 54),
(253, 55, 57),
(254, 58, 59),
(255, 61, 63),
(256, 62, 64),
(257, 67, 65),
(258, 70, 68),
(259, 71, 73),
(260, 75, 76),
(261, 77, 78),
(262, 81, 80),
(263, 82, 84),
(264, 87, 85),
(265, 88, 89),
(266, 91, 92),
(267, 93, 94),
(268, 96, 95),
(269, 99, 98),
(270, 101, 100),
(271, 102, 103),
(272, 104, 106),
(273, 107, 105),
(274, 108, 111),
(275, 110, 112),
(276, 113, 114),
(277, 116, 117),
(278, 2, 4),
(279, 3, 6),
(280, 5, 7),
(281, 8, 9),
(282, 12, 11),
(283, 14, 13),
(284, 16, 15),
(285, 17, 20),
(286, 19, 22),
(287, 21, 24),
(288, 25, 27),
(289, 28, 30),
(290, 31, 33),
(291, 32, 35),
(292, 34, 36),
(293, 37, 38),
(294, 39, 42),
(295, 41, 43),
(296, 44, 46),
(297, 48, 47),
(298, 49, 50),
(299, 52, 53),
(300, 55, 54),
(301, 57, 58),
(302, 59, 60),
(303, 62, 61),
(304, 64, 63),
(305, 65, 67),
(306, 68, 69),
(307, 70, 72),
(308, 73, 74),
(309, 76, 75),
(310, 78, 77),
(311, 80, 79),
(312, 82, 81),
(313, 84, 83),
(314, 85, 86),
(315, 89, 88),
(316, 92, 91),
(317, 94, 93),
(318, 95, 96),
(319, 99, 98),
(320, 100, 101),
(321, 102, 103),
(322, 105, 104),
(323, 106, 107),
(324, 109, 108),
(325, 110, 112),
(326, 113, 111),
(327, 115, 114),
(328, 117, 116),
(329, 3, 2),
(330, 5, 4),
(331, 6, 7),
(332, 10, 9),
(333, 12, 11),
(334, 14, 16),
(335, 17, 13),
(336, 20, 19),
(337, 22, 23),
(338, 26, 24),
(339, 29, 27),
(340, 30, 31),
(341, 33, 35),
(342, 36, 38),
(343, 39, 40),
(344, 42, 43),
(345, 44, 47),
(346, 46, 48),
(347, 50, 51),
(348, 52, 54),
(349, 55, 57),
(350, 59, 58),
(351, 60, 61),
(352, 62, 63),
(353, 65, 66),
(354, 68, 69),
(355, 70, 72),
(356, 73, 74),
(357, 75, 76),
(358, 78, 77),
(359, 80, 79),
(360, 82, 83),
(361, 84, 85),
(362, 87, 86),
(363, 88, 89),
(364, 92, 91),
(365, 94, 93),
(366, 95, 96),
(367, 98, 97),
(368, 100, 99),
(369, 101, 102),
(370, 103, 105),
(371, 104, 107),
(372, 106, 109),
(373, 108, 110),
(374, 111, 112),
(375, 114, 113),
(376, 115, 116),
(377, 117, 116),
(378, 2, 3),
(379, 5, 6),
(380, 7, 8),
(381, 9, 10),
(382, 11, 12),
(383, 14, 13),
(384, 16, 15),
(385, 17, 19),
(386, 20, 21),
(387, 22, 23),
(388, 24, 25),
(389, 27, 26),
(390, 30, 29),
(391, 31, 33),
(392, 34, 32),
(393, 35, 37),
(394, 38, 39),
(395, 41, 40),
(396, 42, 43),
(397, 45, 46),
(398, 47, 48),
(399, 50, 51),
(400, 52, 54),
(401, 56, 55),
(402, 58, 57),
(403, 59, 61),
(404, 63, 60),
(405, 65, 62),
(406, 66, 64),
(407, 67, 69),
(408, 71, 70),
(409, 73, 72),
(410, 75, 74),
(411, 77, 76),
(412, 79, 78),
(413, 81, 80),
(414, 83, 82),
(415, 85, 84),
(416, 87, 86),
(417, 88, 90),
(418, 92, 91),
(419, 93, 94),
(420, 95, 96),
(421, 97, 99),
(422, 100, 98),
(423, 102, 101),
(424, 103, 104),
(425, 106, 105),
(426, 107, 108),
(427, 110, 109),
(428, 112, 111),
(429, 114, 113),
(430, 116, 115),
(431, 2, 4),
(432, 5, 3),
(433, 6, 7),
(434, 9, 10),
(435, 11, 12),
(436, 13, 15),
(437, 17, 16),
(438, 19, 18),
(439, 20, 21),
(440, 23, 25),
(441, 26, 24),
(442, 29, 27),
(443, 31, 30),
(444, 32, 34),
(445, 36, 35),
(446, 37, 38),
(447, 40, 39),
(448, 42, 43),
(449, 44, 46),
(450, 48, 47),
(451, 49, 51),
(452, 53, 52),
(453, 54, 55),
(454, 57, 56),
(455, 59, 58),
(456, 61, 60),
(457, 62, 63),
(458, 65, 64),
(459, 67, 66),
(460, 69, 68),
(461, 71, 70),
(462, 73, 72),
(463, 75, 74),
(464, 77, 76),
(465, 79, 78),
(466, 81, 80),
(467, 83, 82),
(468, 85, 84),
(469, 86, 88),
(470, 90, 87),
(471, 91, 92),
(472, 93, 94),
(473, 96, 95),
(474, 97, 99),
(475, 101, 100),
(476, 102, 104),
(477, 106, 105),
(478, 107, 109),
(479, 111, 108),
(480, 112, 113),
(481, 114, 116),
(482, 117, 115),
(483, 2, 4),
(484, 3, 5),
(485, 7, 9),
(486, 11, 13),
(487, 15, 14),
(488, 16, 18),
(489, 19, 21),
(490, 22, 20),
(491, 25, 26),
(492, 28, 27),
(493, 31, 32),
(494, 33, 34),
(495, 35, 37),
(496, 39, 38),
(497, 41, 40),
(498, 42, 44),
(499, 47, 45),
(500, 49, 50)
SET IDENTITY_INSERT [FollowingList] OFF;

SET IDENTITY_INSERT [Post] ON;
INSERT INTO [Post](ID, PostTitle, PostDescription, DatePosted, IsVisible, UserID)
VALUES
(1, 'Just watched The Shawshank Redemption', 'What an amazing movie! Highly recommended.', '2023-01-03 19:30:00', 1, 20),
(2, 'Game of Thrones finale', 'I have mixed feelings about the ending. What are your thoughts?', '2023-02-12 21:15:00', 1, 85),
(3, 'Inception', 'Mind-bending movie with a great plot twist.', '2023-03-05 14:45:00', 1, 42),
(4, 'Stranger Things Season 4', 'Can''t wait for the new season! Who else is excited?', '2023-04-10 10:00:00', 1, 73),
(5, 'Black Mirror', 'Each episode is like a mini-movie. Highly recommend if you enjoy dystopian themes.', '2023-01-25 16:20:00', 1, 56),
(6, 'Avengers: Endgame', 'Epic conclusion to the Infinity Saga. Marvel fans, you don''t want to miss this!', '2023-02-18 18:30:00', 1, 97),
(7, 'Breaking Bad', 'One of the best TV series ever made. The character development is phenomenal.', '2023-03-20 12:10:00', 1, 15),
(8, 'The Matrix', 'A mind-bending sci-fi movie that revolutionized the genre.', '2023-04-05 08:45:00', 1, 101),
(9, 'La La Land', 'A beautiful and enchanting musical. The music and cinematography are stunning.', '2023-03-10 17:30:00', 1, 64),
(10, 'The Witcher', 'Fantasy series with captivating storytelling and Henry Cavill as Geralt of Rivia.', '2023-04-15 14:20:00', 1, 33),
(11, 'The Mandalorian', 'This Star Wars series is a must-watch for any fan. Baby Yoda steals the show!', '2023-01-07 13:45:00', 1, 74),
(12, 'Pulp Fiction', 'A classic Quentin Tarantino movie with a star-studded cast and non-linear storytelling.', '2023-02-22 09:20:00', 1, 28),
(13, 'Stranger Things Season 5 predictions', 'What do you think will happen in the next season? Share your theories!', '2023-03-18 20:00:00', 1, 68),
(14, 'The Dark Knight', 'Heath Ledger''s portrayal of the Joker is legendary. One of the best superhero movies.', '2023-04-07 15:10:00', 1, 53),
(15, 'Breaking Bad spin-off', 'Who else would love to see a spin-off series focused on Jesse Pinkman?', '2023-01-29 11:30:00', 1, 39),
(16, 'The Lord of the Rings trilogy marathon', 'Planning a movie marathon weekend with the extended editions. Join me!', '2023-02-25 17:50:00', 1, 87),
(17, 'Stranger Things', 'Just finished watching the series for the first time. Mind-blowing!', '2023-03-25 10:15:00', 1, 16),
(18, 'Interstellar', 'A visually stunning sci-fi film with a thought-provoking storyline. Highly recommended.', '2023-04-12 12:40:00', 1, 104),
(19, 'The Office US vs The Office UK', 'Which version of The Office do you prefer? Let''s settle this debate!', '2023-03-15 18:05:00', 1, 62),
(20, 'The Crown', 'An excellent historical drama series that delves into the reign of Queen Elizabeth II.', '2023-04-18 14:30:00', 1, 30),
(21, 'Game of Thrones Season 9 Wishlist', 'Share your expectations and predictions for the next season of Game of Thrones!', '2023-03-10 09:30:00', 1, 45),
(22, 'Inception', 'Christopher Nolan''s mind-bending masterpiece. Prepare to have your reality questioned.', '2023-04-05 14:15:00', 1, 92),
(23, 'The Walking Dead', 'Who else is still hooked on this zombie-apocalypse series? Exciting twists!', '2023-05-03 17:20:00', 1, 21),
(24, 'Stranger Things Funko Pop Collection', 'Check out my growing Funko Pop collection featuring Stranger Things characters!', '2023-04-22 11:45:00', 1, 103),
(25, 'La La Land', 'A beautiful musical that captures the magic and struggles of pursuing dreams.', '2023-02-18 16:05:00', 1, 69),
(26, 'The Witcher', 'Henry Cavill nails the role of Geralt of Rivia in this epic fantasy series. A must-watch!', '2023-05-08 20:30:00', 1, 35),
(27, 'Black Mirror', 'An anthology series exploring the dark side of technology. Thought-provoking and unsettling.', '2023-03-29 13:55:00', 1, 81),
(28, 'The Godfather', 'A cinematic masterpiece that explores the world of organized crime. Timeless classic.', '2023-02-10 18:40:00', 1, 12),
(29, 'The Big Bang Theory', 'A hilarious sitcom that celebrates geek culture. Bazinga!', '2023-04-16 10:25:00', 1, 99),
(30, 'The Shawshank Redemption', 'A gripping tale of friendship and hope set in a prison. A must-see for all movie lovers.', '2023-03-02 12:00:00', 1, 63),
(31, 'Breaking Bad Marathon', 'Planning a weekend binge-watch of Breaking Bad. Who wants to join?', '2023-02-27 19:30:00', 1, 74),
(32, 'Avengers: Endgame', 'The epic conclusion to the Avengers saga. Prepare for an emotional rollercoaster!', '2023-03-18 16:45:00', 1, 29),
(33, 'The Crown', 'A riveting historical drama series that delves into the reign of Queen Elizabeth II.', '2023-04-08 10:20:00', 1, 88),
(34, 'The Matrix Trilogy', 'Rediscovering the mind-bending world of The Matrix. Join me for a movie marathon!', '2023-05-12 21:00:00', 1, 17),
(35, 'The Mandalorian', 'Baby Yoda steals the show in this Star Wars spin-off series. A must-watch for fans!', '2023-03-07 14:10:00', 1, 52),
(36, 'The Dark Knight', 'Heath Ledger delivers an iconic performance as the Joker in this superhero masterpiece.', '2023-04-20 18:35:00', 1, 96),
(37, 'Stranger Things Season 5 Speculations', 'Share your theories and predictions for the upcoming season of Stranger Things!', '2023-02-14 11:50:00', 1, 42),
(38, 'The Office Rewatch', 'Reliving the hilarious moments of The Office. Who else can never get enough?', '2023-03-31 15:15:00', 1, 101),
(39, 'Interstellar', 'Christopher Nolan takes us on a breathtaking journey through space and time.', '2023-04-28 13:25:00', 1, 7),
(40, 'Game of Thrones: Best Battles', 'Discuss and rank the most epic battles from Game of Thrones. Valar Morghulis!', '2023-05-10 09:50:00', 1, 80),
(41, 'The Witcher', 'The Witcher series on Netflix is a must-watch for fantasy fans. Share your favorite moments!', '2023-03-15 12:30:00', 1, 23),
(42, 'Inception', 'Christopher Nolan''s mind-bending thriller will leave you questioning reality. Highly recommended!', '2023-04-05 09:15:00', 1, 61),
(43, 'Black Mirror', 'Discuss the thought-provoking episodes of Black Mirror and their implications for the future.', '2023-05-02 17:45:00', 1, 93),
(44, 'Harry Potter Movie Marathon', 'Calling all Potterheads! Let''s relive the magic with a marathon of the Harry Potter movies.', '2023-05-08 14:20:00', 1, 12),
(45, 'The Walking Dead', 'Join the conversation about the latest twists and turns in The Walking Dead series.', '2023-02-22 20:10:00', 1, 34),
(46, 'Pulp Fiction', 'Quentin Tarantino''s classic crime film with an all-star cast. Discuss your favorite scenes!', '2023-03-25 18:00:00', 1, 79),
(47, 'Breaking Bad Finale', 'Relive the intense finale of Breaking Bad and share your thoughts on the ending.', '2023-04-15 13:55:00', 1, 105),
(48, 'The Great British Bake Off', 'Indulge in the delicious drama of The Great British Bake Off. Who will be crowned the winner?', '2023-05-06 11:30:00', 1, 16),
(49, 'The Shawshank Redemption', 'A timeless tale of hope and redemption. Discuss the impact of this classic movie.', '2023-02-18 16:40:00', 1, 68),
(50, 'Stranger Things Season 6 Wishlist', 'Share your hopes and predictions for the next season of Stranger Things!', '2023-03-10 10:05:00', 1, 99)
SET IDENTITY_INSERT [Post] OFF;

SET IDENTITY_INSERT [Comment] ON;
INSERT INTO [Comment](ID, CommentTitle, DatePosted, IsVisible, UserID, PostID)
VALUES
(1, 'I agree! The Shawshank Redemption is a masterpiece that everyone should watch.', '2023-01-05 08:45:00', 1, 93, 1),
(2, 'The Game of Thrones finale had its ups and downs, but overall, it was a memorable journey.', '2023-02-15 12:30:00', 1, 52, 2),
(3, 'Inception blew my mind! The plot twist had me questioning everything.', '2023-03-08 16:50:00', 1, 78, 3),
(4, 'I''m eagerly awaiting the new season of Stranger Things. It''s going to be awesome!', '2023-04-12 20:15:00', 1, 27, 4),
(5, 'Black Mirror is a series that makes you ponder the consequences of technological advancements.', '2023-01-30 10:20:00', 1, 102, 5),
(6, 'Avengers: Endgame was a roller coaster of emotions. Marvel did an incredible job!', '2023-02-25 15:05:00', 1, 41, 6),
(7, 'Breaking Bad is my all-time favorite series. The character development is unmatched.', '2023-03-25 11:55:00', 1, 64, 7),
(8, 'The Matrix challenged my perception of reality. A groundbreaking movie!', '2023-04-15 13:30:00', 1, 83, 8),
(9, 'La La Land is a masterpiece of music and cinematography. A feast for the senses.', '2023-03-15 19:40:00', 1, 99, 9),
(10, 'The Witcher series is a fantastic adaptation of the books. Henry Cavill nailed the role!', '2023-04-20 09:55:00', 1, 18, 10),
(11, 'The Shawshank Redemption is a timeless classic. It never fails to impress.', '2023-01-04 11:20:00', 1, 76, 1),
(12, 'I have mixed feelings about the Game of Thrones finale too. Some parts were satisfying, while others were disappointing.', '2023-02-14 18:10:00', 1, 95, 2),
(13, 'Inception is a mind-bending movie that keeps you guessing until the end.', '2023-03-07 10:05:00', 1, 31, 3),
(14, 'Stranger Things Season 4 is going to be epic! I can''t wait to see what happens next.', '2023-04-11 14:50:00', 1, 68, 4),
(15, 'Black Mirror is a must-watch for fans of dystopian stories. Each episode leaves you thinking.', '2023-01-28 16:35:00', 1, 54, 5),
(16, 'Interstellar blew my mind! The visuals and the story were mind-boggling.', '2023-04-12 13:00:00', 1, 101, 18),
(17, 'I prefer ''The Office US'' over ''The Office UK''. Steve Carell is hilarious!', '2023-03-15 19:00:00', 1, 71, 19),
(18, '''The Crown'' is an outstanding series! The historical portrayal is captivating.', '2023-04-18 15:00:00', 1, 35, 20),
(19, 'Baby Yoda in ''The Mandalorian'' is the cutest character ever created!', '2023-01-07 14:30:00', 1, 12, 11),
(20, 'The non-linear storytelling in ''Pulp Fiction'' keeps you hooked till the end!', '2023-02-22 10:30:00', 1, 82, 12),
(21, 'What are your predictions for Stranger Things Season 5? Share your theories!', '2023-03-18 22:00:00', 1, 47, 13),
(22, 'Heath Ledger''s Joker in ''The Dark Knight'' is a performance for the ages!', '2023-04-07 16:00:00', 1, 64, 14),
(23, 'A spin-off series focused on Jesse Pinkman would be amazing. Count me in!', '2023-01-29 12:30:00', 1, 89, 15),
(24, 'Ready for ''The Lord of the Rings'' marathon! Let''s embark on an epic journey.', '2023-02-25 19:00:00', 1, 22, 16),
(25, 'Just finished watching Stranger Things. It exceeded all my expectations!', '2023-03-25 11:30:00', 1, 57, 17),
(26, 'Stranger Things Funko Pop collection is amazing! I want them all!', '2023-04-22 12:40:00', 1, 47, 24),
(27, 'Inception will make you question the boundaries of reality. Mind-bending!', '2023-04-05 16:20:00', 1, 76, 22),
(28, 'La La Land''s music and visuals create a mesmerizing experience. Pure magic!', '2023-02-18 17:35:00', 1, 16, 25),
(29, 'The Witcher brings a rich fantasy world to life. Henry Cavill is fantastic!', '2023-05-08 22:00:00', 1, 79, 26),
(30, 'The Big Bang Theory celebrates nerd culture in the best way. Bazinga!', '2023-04-16 11:35:00', 1, 39, 29),
(31, 'Game of Thrones Season 9 will have shocking plot twists and unexpected alliances.', '2023-03-10 11:15:00', 1, 21, 21),
(32, 'The Godfather is a must-watch for every film lover. Classic storytelling!', '2023-02-10 19:55:00', 1, 63, 28),
(33, 'I''m excited for the Breaking Bad marathon! Count me in!', '2023-02-27 20:00:00', 1, 89, 31),
(34, 'Avengers: Endgame left me in tears. Such a powerful conclusion!', '2023-03-18 17:30:00', 1, 54, 32),
(35, 'The Crown is a captivating series. Claire Foy''s performance is exceptional.', '2023-04-08 11:00:00', 1, 103, 33),
(36, 'The Matrix Trilogy blew my mind! The concept of the Matrix is mind-boggling.', '2023-05-12 21:30:00', 1, 29, 34),
(37, 'The Mandalorian is a fantastic series. Baby Yoda is too adorable!', '2023-03-07 14:30:00', 1, 76, 35),
(38, 'Heath Ledger''s Joker in The Dark Knight is iconic. One of the best performances!', '2023-04-20 19:00:00', 1, 95, 36),
(39, 'Stranger Things Season 5 has so much potential. Can''t wait for the new episodes!', '2023-02-14 12:00:00', 1, 41, 37),
(40, 'The Office Rewatch is a nostalgia trip. Steve Carell is hilarious!', '2023-03-31 15:45:00', 1, 66, 38),
(41, 'Interstellar is a masterpiece! The visuals and score are breathtaking.', '2023-04-28 14:00:00', 1, 12, 39),
(42, 'Game of Thrones: Best Battles had epic moments. Hardhome battle was mind-blowing!', '2023-05-10 10:30:00', 1, 81, 40),
(43, 'Breaking Bad marathon is on my watchlist. It''s time to dive into the world of Walter White!', '2023-02-27 20:30:00', 1, 107, 31),
(44, 'Avengers: Endgame blew me away! The final battle was epic!', '2023-03-18 18:00:00', 1, 23, 32),
(45, 'The Crown portrays history with elegance. Olivia Colman shines as Queen Elizabeth II.', '2023-04-08 11:30:00', 1, 71, 33),
(46, 'The Matrix Trilogy is a mind-bending experience. The Wachowskis are visionaries!', '2023-05-12 22:00:00', 1, 87, 34),
(47, 'The Mandalorian is a must-watch for Star Wars fans. Baby Yoda steals the show!', '2023-03-07 15:00:00', 1, 62, 35),
(48, 'Heath Ledger''s portrayal of the Joker is legendary. The Dark Knight is a masterpiece!', '2023-04-20 19:30:00', 1, 109, 36),
(49, 'The Witcher series on Netflix is a must-watch! Geralt of Rivia is a fascinating character.', '2023-03-15 12:35:00', 1, 57, 41),
(50, 'Inception is mind-blowing! Christopher Nolan''s storytelling is unparalleled.', '2023-04-05 09:30:00', 1, 95, 42),
(51, 'Black Mirror raises important questions about our future. Let''s discuss!', '2023-05-02 18:00:00', 1, 76, 43),
(52, 'Harry Potter Movie Marathon is a magical experience. Let''s relive the wizarding world!', '2023-05-08 14:45:00', 1, 112, 44),
(53, 'The Walking Dead keeps me on the edge of my seat. Share your thoughts!', '2023-02-22 20:20:00', 1, 34, 45),
(54, 'Pulp Fiction is a classic crime film with an incredible cast. Discuss your favorite scenes!', '2023-03-25 18:15:00', 1, 61, 46),
(55, 'Breaking Bad Finale left me speechless. Let''s talk about the epic ending!', '2023-04-15 14:10:00', 1, 88, 47),
(56, 'The Great British Bake Off is a deliciously entertaining show. Who will win?', '2023-05-06 11:45:00', 1, 19, 48),
(57, 'The Shawshank Redemption is a timeless masterpiece. Let''s discuss its impact!', '2023-02-18 16:50:00', 1, 72, 49),
(58, 'Stranger Things Season 6 Wishlist: What do you hope to see in the next season?', '2023-03-10 10:20:00', 1, 101, 50),
(59, 'The Witcher series is epic! Share your favorite moments of Geralt''s adventures.', '2023-03-15 12:40:00', 1, 24, 41),
(60, 'Inception will mess with your mind! Christopher Nolan''s storytelling is mind-bending.', '2023-04-05 09:45:00', 1, 63, 42),
(61, 'Black Mirror offers thought-provoking episodes that explore our technological future.', '2023-05-02 18:15:00', 1, 81, 43),
(62, 'Calling all Potterheads! Join the Harry Potter Movie Marathon and relive the magic.', '2023-05-08 15:00:00', 1, 12, 44),
(63, 'Let''s discuss the latest twists and turns in The Walking Dead series.', '2023-02-22 20:30:00', 1, 43, 45),
(64, 'Quentin Tarantino''s Pulp Fiction is a crime film with unforgettable moments. Join the conversation!', '2023-03-25 18:30:00', 1, 96, 46),
(65, 'The Breaking Bad Finale had an intense ending. Share your thoughts on this gripping series!', '2023-04-15 14:25:00', 1, 54, 47),
(66, 'Indulge in the delicious drama of The Great British Bake Off. Who will be crowned the winner?', '2023-05-06 11:50:00', 1, 27, 48),
(67, 'Discuss the impact of The Shawshank Redemption, a timeless tale of hope and redemption.', '2023-02-18 16:55:00', 1, 83, 49),
(68, 'Share your hopes and predictions for the next season of Stranger Things!', '2023-03-10 10:25:00', 1, 109, 50),
(69, 'The Witcher series is a must-watch for fantasy fans. Geralt''s adventures are captivating!', '2023-03-15 12:45:00', 1, 36, 41),
(70, 'Black Mirror''s episodes offer a thought-provoking look into the future. Let''s discuss!', '2023-05-02 18:30:00', 1, 96, 43)
SET IDENTITY_INSERT [Comment] OFF;

SET IDENTITY_INSERT [LikePost] ON;
INSERT INTO [LikePost] (ID, PostID, UserID)
VALUES
(1, 17, 57),
(2, 29, 95),
(3, 43, 76),
(4, 12, 112),
(5, 6, 34),
(6, 22, 61),
(7, 35, 88),
(8, 48, 19),
(9, 50, 72),
(10, 3, 101),
(11, 8, 43),
(12, 17, 54),
(13, 31, 27),
(14, 45, 83),
(15, 12, 109),
(16, 22, 36),
(17, 35, 73),
(18, 49, 96),
(19, 50, 15),
(20, 9, 67),
(21, 13, 78),
(22, 28, 101),
(23, 40, 12),
(24, 48, 54),
(25, 14, 87),
(26, 25, 29),
(27, 37, 63),
(28, 47, 95),
(29, 16, 41),
(30, 30, 72),
(31, 6, 105),
(32, 18, 29),
(33, 32, 89),
(34, 45, 41),
(35, 11, 98),
(36, 23, 73),
(37, 38, 63),
(38, 49, 105),
(39, 15, 68),
(40, 26, 37),
(41, 41, 92),
(42, 9, 59),
(43, 21, 82),
(44, 33, 12),
(45, 46, 75),
(46, 12, 53),
(47, 24, 88),
(48, 35, 44),
(49, 50, 70),
(50, 17, 31),
(51, 22, 71),
(52, 40, 25),
(53, 4, 52),
(54, 37, 84),
(55, 13, 99),
(56, 30, 14),
(57, 43, 62),
(58, 8, 47),
(59, 28, 65),
(60, 48, 90),
(61, 16, 33),
(62, 34, 56),
(63, 47, 79),
(64, 2, 22),
(65, 19, 60),
(66, 36, 95),
(67, 14, 78),
(68, 31, 27),
(69, 44, 43),
(70, 10, 76),
(71, 6, 49),
(72, 26, 73),
(73, 39, 36),
(74, 17, 67),
(75, 33, 100),
(76, 46, 20),
(77, 12, 59),
(78, 27, 92),
(79, 50, 5),
(80, 20, 40),
(81, 42, 64),
(82, 7, 88),
(83, 24, 51),
(84, 41, 83),
(85, 9, 17),
(86, 29, 54),
(87, 1, 96),
(88, 25, 32),
(89, 38, 69),
(90, 15, 14),
(91, 32, 45),
(92, 45, 78),
(93, 11, 23),
(94, 23, 57),
(95, 35, 90),
(96, 49, 3),
(97, 18, 41),
(98, 21, 74),
(99, 3, 98),
(100, 5, 26),
(101, 2, 93),
(102, 12, 30),
(103, 32, 63),
(104, 4, 87),
(105, 26, 71),
(106, 38, 27),
(107, 8, 102),
(108, 33, 54),
(109, 22, 13),
(110, 50, 43),
(111, 20, 76),
(112, 34, 41),
(113, 30, 92),
(114, 45, 57),
(115, 2, 74),
(116, 1, 108),
(117, 29, 47),
(118, 13, 89),
(119, 3, 26),
(120, 37, 59),
(121, 14, 80),
(122, 31, 15),
(123, 6, 98),
(124, 43, 85),
(125, 17, 18),
(126, 36, 37),
(127, 10, 65),
(128, 23, 3),
(129, 47, 86),
(130, 16, 33),
(131, 39, 70),
(132, 7, 14),
(133, 41, 67),
(134, 21, 9),
(135, 42, 101),
(136, 11, 62),
(137, 35, 99),
(138, 9, 22),
(139, 27, 46),
(140, 44, 82),
(141, 5, 105),
(142, 25, 58),
(143, 48, 90),
(144, 15, 78),
(145, 28, 17),
(146, 46, 31),
(147, 24, 69),
(148, 40, 45),
(149, 19, 104),
(150, 33, 97),
(151, 2, 94),
(152, 12, 83),
(153, 32, 25),
(154, 4, 70),
(155, 26, 61),
(156, 38, 14),
(157, 8, 105),
(158, 33, 27),
(159, 22, 83),
(160, 50, 13),
(161, 20, 94),
(162, 34, 65),
(163, 30, 3),
(164, 45, 57),
(165, 31, 108),
(166, 1, 47),
(167, 29, 89),
(168, 13, 26),
(169, 3, 76),
(170, 37, 80),
(171, 14, 15),
(172, 31, 98),
(173, 6, 85),
(174, 43, 18),
(175, 17, 37),
(176, 36, 65),
(177, 10, 3),
(178, 23, 86),
(179, 47, 33),
(180, 16, 45),
(181, 39, 104),
(182, 7, 97),
(183, 41, 94),
(184, 21, 83),
(185, 42, 25),
(186, 11, 70),
(187, 35, 61),
(188, 9, 14),
(189, 27, 105),
(190, 44, 27),
(191, 5, 83),
(192, 25, 13),
(193, 48, 94),
(194, 15, 65),
(195, 28, 3),
(196, 46, 108),
(197, 24, 47),
(198, 40, 89),
(199, 19, 26),
(200, 33, 76)
SET IDENTITY_INSERT [LikePost] OFF;

SET IDENTITY_INSERT [Show] ON;
INSERT INTO [Show] (ID, TMDBID, Title, Overview, FirstAirDate)
VALUES
(1, 100088, 'The Last of us', 'Twenty years after modern civilization has been destroyed, Joel, a hardened survivor, is hired to smuggle Ellie, a 14-year-old girl, out of an oppressive quarantine zone. What starts as a small job soon becomes a brutal, heartbreaking journey, as they both must traverse the United States and depend on each other for survival.', '2023-01-15'),
(2, 82856, 'The Mandalorian', 'After the fall of the Galactic Empire, lawlessness has spread throughout the galaxy. A lone gunfighter makes his way through the outer reaches, earning his keep as a bounty hunter.', '2019-11-12')
SET IDENTITY_INSERT [Show] OFF;

SET IDENTITY_INSERT [Movie] ON;
INSERT INTO [Movie] (ID, TMDBID, Title, Overview, ReleaseDate)
VALUES
(1, 1011679, 'Shark Side of the Moon', 'Decades ago, the USSR developed unkillable sharks and launched them to the moon. Today, a team of American astronauts will endure the fight of their lives.', '2022-08-12'),
(2, 76600, 'Avatar: The Way of Water', 'Set more than a decade after the events of the first film, learn the story of the Sully family (Jake, Neytiri, and their kids), the trouble that follows them, the lengths they go to keep each other safe, the battles they fight to stay alive, and the tragedies they endure.', '2022-12-14')
SET IDENTITY_INSERT [Movie] OFF;

SET IDENTITY_INSERT [WatchList] ON;
INSERT INTO [WatchList] (ID, UserID, ListType)
VALUES
(1, 1, 0),
(7, 1, 1),
(2, 2, 0),
(3, 3, 0),
(4, 4, 0),
(5, 5, 0),
(6, 5, 1)
SET IDENTITY_INSERT [WatchList] OFF;

SET IDENTITY_INSERT [WatchListItems] ON;
INSERT INTO [WatchListItems] (ID, WatchListID, ShowID, MovieID)
VALUES
(1, 1, 1, null),
(2, 1, 2, null),
(3, 1, null, 1),
(4, 1, null, 2),
(5, 2, null, 1),
(6, 2, 1, null)
SET IDENTITY_INSERT [WatchListItems] OFF;

SET IDENTITY_INSERT [WatchPartyGroup] ON;
INSERT INTO [WatchPartyGroup] (ID, GroupTitle, GroupDescription, StartDate, TelePartyURL, HostID)
VALUES
(1, 'Game of Thrones Season Finale', 'Watch the epic conclusion of Game of Thrones', '2023-06-10 00:00:00', null, 53),
(2, 'Friends Reunion Special', 'Relive the best moments with the Friends reunion special', '2023-06-11 00:00:00', null, 22),
(3, 'The Avengers Movie Marathon', 'Experience the thrill of the Avengers movies', '2023-06-12 00:00:00', null, 81),
(4, 'Stranger Things Watch Party', 'Join us for a binge-watch of Stranger Things', '2023-06-13 00:00:00', null, 9),
(5, 'Harry Potter and the Sorcerer''s Stone', 'Let''s begin the magical journey with the first Harry Potter movie', '2023-06-14 00:00:00', null, 63),
(6, 'The Walking Dead Season Premiere', 'Witness the start of a new chapter in The Walking Dead', '2023-06-15 00:00:00', null, 35),
(7, 'The Lord of the Rings Trilogy', 'Embark on an epic adventure with The Lord of the Rings trilogy', '2023-06-16 00:00:00', null, 99),
(8, 'Black Mirror Marathon', 'Dive into the intriguing world of Black Mirror', '2023-06-17 00:00:00', null, 76),
(9, 'The Office Comedy Night', 'Laugh along with The Office sitcom episodes', '2023-06-18 00:00:00', null, 47),
(10, 'Breaking Bad Watch Party', 'Experience the intensity of Breaking Bad series', '2023-06-19 00:00:00', null, 107),
(11, 'The Matrix Trilogy Marathon', 'Immerse yourself in the world of The Matrix', '2023-06-20 18:00:00', null, 16),
(12, 'Breaking Bad Watch Party', 'Join us for a thrilling journey with Breaking Bad', '2023-06-21 20:00:00', null, 29),
(13, 'The Walking Dead Marathon', 'Survive the zombie apocalypse with The Walking Dead', '2023-06-22 14:00:00', null, 43),
(14, 'Harry Potter and the Chamber of Secrets', 'Relive the magic of Harry Potter and the Chamber of Secrets', '2023-06-23 16:00:00', null, 65),
(15, 'Black Mirror Marathon', 'Explore the dark and thought-provoking world of Black Mirror', '2023-06-24 12:00:00', null, 99),
(16, 'The Lord of the Rings Extended Edition Marathon', 'Embark on an epic adventure with The Lord of the Rings', '2023-06-25 10:00:00', null, 24),
(17, 'Stranger Things Season 4 Premiere', 'Witness the return of Stranger Things with the Season 4 premiere', '2023-06-26 21:00:00', null, 57),
(18, 'Inception Movie Night', 'Dive into the mind-bending world of Inception', '2023-06-27 19:00:00', null, 78),
(19, 'The Office Watch Party', 'Laugh along with the hilarious episodes of The Office', '2023-06-28 17:00:00', null, 36),
(20, 'Jurassic Park Movie Marathon', 'Experience the thrill of Jurassic Park and its sequels', '2023-06-29 15:00:00', null, 91),
(21, 'Game of Thrones Season 1 Watch Party', 'Join us as we dive into the epic world of Game of Thrones', '2023-07-01 20:00:00', null, 11),
(22, 'The Avengers Movie Marathon', 'Experience the action-packed Marvel Cinematic Universe with The Avengers movies', '2023-07-02 18:00:00', null, 33),
(23, 'Stranger Things Season 1 Rewatch', 'Relive the nostalgia of Stranger Things Season 1', '2023-07-03 16:00:00', null, 57),
(24, 'Friends Series Finale Farewell', 'Bid farewell to the beloved TV show Friends with the series finale', '2023-07-04 14:00:00', null, 72),
(25, 'The Dark Knight Trilogy Marathon', 'Immerse yourself in the world of Batman with The Dark Knight Trilogy', '2023-07-05 12:00:00', null, 23),
(26, 'The Witcher Season 2 Premiere', 'Witness the highly anticipated premiere of The Witcher Season 2', '2023-07-06 10:00:00', null, 44),
(27, 'Pixar Animation Movie Marathon', 'Enjoy a delightful marathon of Pixar animated movies', '2023-07-07 08:00:00', null, 88),
(28, 'Breaking Bad Season 5 Finale Watch Party', 'Join us for the intense finale of Breaking Bad Season 5', '2023-07-08 06:00:00', null, 29),
(29, 'The Lord of the Rings: The Return of the King Extended Edition', 'Witness the epic conclusion of The Lord of the Rings trilogy', '2023-07-09 04:00:00', null, 56),
(30, 'The Mandalorian Season 3 Premiere', 'Experience the next chapter of The Mandalorian with the Season 3 premiere', '2023-07-10 02:00:00', null, 87),
(31, 'Stranger Things Season 2 Marathon', 'Binge-watch Stranger Things Season 2 in this exciting marathon', '2023-07-15 20:00:00', 'https://redirect.teleparty.com/join/jke235b867e64fed', 15),
(32, 'Harry Potter and the Prisoner of Azkaban Watch Party', 'Join us for a magical movie night with Harry Potter and the Prisoner of Azkaban', '2023-07-16 18:00:00', 'https://redirect.teleparty.com/join/dadds2b867e64fed', 27),
(33, 'The Office Series Rewatch', 'Relive the hilarious moments of The Office with a complete series rewatch', '2023-07-17 16:00:00', 'https://redirect.teleparty.com/join/dad235b867e64fed', 41),
(34, 'Star Wars Original Trilogy Marathon', 'Embark on an epic journey with the original Star Wars trilogy', '2023-07-18 14:00:00', 'https://redirect.teleparty.com/join/dad235b867e64fed', 61),
(35, 'Breaking Bad Season 1 Premiere', 'Experience the gripping start of Breaking Bad with the Season 1 premiere', '2023-07-19 12:00:00', 'https://redirect.teleparty.com/join/dad235b867e64fed5', 77),
(36, 'Marvel Cinematic Universe Phase 3 Finale Watch Party', 'Witness the thrilling conclusion of Phase 3 in the Marvel Cinematic Universe', '2023-07-20 10:00:00', 'https://redirect.teleparty.com/join/jad248b867e64fed', 36),
(37, 'The Walking Dead Season 10 Finale', 'Join us for the intense finale of The Walking Dead Season 10', '2023-07-21 08:00:00', 'https://redirect.teleparty.com/join/mom235b867e64fed', 92),
(38, 'Jurassic Park Movie Marathon', 'Roam with dinosaurs in a marathon of the Jurassic Park movies', '2023-07-22 06:00:00', 'https://redirect.teleparty.com/join/dad897b867e64fed', 52),
(39, 'The Crown Season 4 Premiere', 'Witness the regal drama with the Season 4 premiere of The Crown', '2023-07-23 04:00:00', 'https://redirect.teleparty.com/join/dad235b867e65fed', 63),
(40, 'The Big Bang Theory Series Finale Farewell', 'Bid farewell to The Big Bang Theory with the series finale', '2023-07-24 02:00:00', 'https://redirect.teleparty.com/join/dad235b867e64med', 96),
(41, 'Stranger Things Season 3 Premiere', 'Step into the Upside Down with the Season 3 premiere of Stranger Things', '2023-07-25 20:00:00', 'https://redirect.teleparty.com/join/dad012b867e64fed', 18),
(42, 'The Matrix Trilogy Marathon', 'Immerse yourself in the mind-bending world of The Matrix trilogy', '2023-07-26 18:00:00', 'https://redirect.teleparty.com/join/dad612b867e64fed', 45),
(43, 'Friends Season 1 Rewatch', 'Revisit the iconic moments of Friends with a Season 1 rewatch', '2023-07-27 16:00:00', 'https://redirect.teleparty.com/join/dad235b867e65eed', 84),
(44, 'The Simpsons Best Episodes Marathon', 'Enjoy the classic and best episodes of The Simpsons in a fun-filled marathon', '2023-07-28 14:00:00', 'https://redirect.teleparty.com/join/dad235b123e64fed', 21),
(45, 'Game of Thrones Season 8 Finale Watch Party', 'Join us for the epic finale of Game of Thrones Season 8', '2023-07-29 12:00:00', 'https://redirect.teleparty.com/join/dad642b867e64fed', 47),
(46, 'Classic Movie Night: Casablanca', 'Join us for a screening of the timeless classic Casablanca', '2023-05-16 20:00:00', 'https://redirect.teleparty.com/join/abcde1234567890a', 10),
(47, 'Friends Trivia Night', 'Test your Friends knowledge in a fun-filled trivia night', '2023-05-17 18:00:00', 'https://redirect.teleparty.com/join/1234567890abcdef', 25),
(48, 'Disney Pixar Movie Marathon', 'Experience the magic of Disney Pixar in this marathon event', '2023-05-18 16:00:00', 'https://redirect.teleparty.com/join/fedcba0987654321', 42),
(49, 'Sci-Fi Series Premiere: "Infinite Horizons"', 'Be the first to witness the debut of the mind-bending sci-fi series "Infinite Horizons"', '2023-05-19 14:00:00', 'https://redirect.teleparty.com/join/1a2b3c4d5e6f7g8h', 15),
(50, '80s Movie Night: Back to the Future', 'Travel back in time with the 80s classic movie "Back to the Future"', '2023-05-20 12:00:00', 'https://redirect.teleparty.com/join/h8g7f6e5d4c3b2a1', 30)
SET IDENTITY_INSERT [WatchPartyGroup] OFF;

SET IDENTITY_INSERT [WatchPartyGroupAssignment] ON;
INSERT INTO [WatchPartyGroupAssignment] (ID, GroupID, WatcherID)
VALUES
(1, 1, 1),
(2, 1, 2),
(3, 1, 3),
(4, 2, 4),
(5, 2, 1),
(6, 2, 5),
(7, 2, 6),
(8, 2, 7),
(9, 3, 1),
(10, 3, 8),
(11, 3, 9),
(12, 3, 10)
SET IDENTITY_INSERT [WatchPartyGroupAssignment] OFF;

SET IDENTITY_INSERT [NotificationType] ON;
INSERT INTO [NotificationType] (ID, NType)
VALUES
(1, 'Follow Request'),
(2, 'Group Join Request'),
(3, 'Comment'),
(4, 'Like'),
(5, 'Watch Party Reminder'),
(6, 'Misc')
SET IDENTITY_INSERT [NotificationType] OFF;

SET IDENTITY_INSERT [Notification] ON;
INSERT INTO [Notification] (ID, NotifierID, NotifTypeID, Content, IsRead, CreatedAt)
VALUES
(1, 1, 5, 'Your watch party is scheduled for 4/25/13 at 6:00 pm', 0, '2023-04-22 12:00:00'),
(2, 1, 3, 'CarsonDaniel left a comment on your post', 0, '2023-04-22 12:05:00')
SET IDENTITY_INSERT [Notification] OFF;